biomarker_key,from_unit,to_unit,factor,source
TSH,uIU/mL,mIU/L,1.0,"unit identity: 1 uIU/mL = 1 mIU/L (IU/mL = 1000 x IU/L by definition; verified 2026-09-30)"
TSH,mIU/L,mIU/L,1.0,"canonical unit, no conversion"
TSH,mU/L,mIU/L,1.0,"mU/L used interchangeably with mIU/L for TSH in clinical practice"
FT3,pg/mL,pmol/L,1.536,"https://www.researchgate.net/profile/Danielle-Dillon-2/post/Units_for_TSH/attachment/59d6264a6cda7b8083a22e52/AS:487873758666752@1493329576111/download/TSH_conversion.pdf (Endocrinology Conversion Factors; T3 MW 650.97 g/mol); verified 2026-09-30"
FT3,pmol/L,pmol/L,1.0,"canonical unit, no conversion"
FT4,ng/dL,pmol/L,12.87,"https://www.researchgate.net/figure/To-convert-free-T4-from-ng-dL-to-pmol-L-multiply-by-1287_fig2_12478939 (T4 MW 776.87 g/mol); verified 2026-09-30"
FT4,pg/mL,pmol/L,1.287,"derived: 1 pg/mL = 0.1 ng/dL (mass/vol unit algebra), so factor = 0.1 x 12.87"
FT4,pmol/L,pmol/L,1.0,"canonical unit, no conversion"
ANTI_TPO,kIU/L,IU/mL,1.0,"unit identity: 1 kIU/L = 1 IU/mL (1000 IU/L = 1000 IU / 1000 mL)"
ANTI_TPO,U/mL,IU/mL,1.0,"U/mL used interchangeably with IU/mL for TPO Ab immunoassays"
ANTI_TPO,IU/mL,IU/mL,1.0,"canonical unit, no conversion"
VIT_D_25OH,ng/mL,nmol/L,2.496,"https://en.wikipedia.org/wiki/Calcifediol ; https://convertmedunits.com/vitamin-d-conversion-calculator/ (25-OH-D MW 400.64 g/mol); verified 2026-09-30"
VIT_D_25OH,nmol/L,nmol/L,1.0,"canonical unit, no conversion"
VIT_B12,pg/mL,pmol/L,0.7378,"https://unitslab.com/node/141 (cyanocobalamin MW 1355.37 g/mol); verified 2026-09-30"
VIT_B12,pmol/L,pmol/L,1.0,"canonical unit, no conversion"
FERRITIN,ng/mL,ug/L,1.0,"unit identity: 1 ng/mL = 1 ug/L (mass/vol unit algebra)"
FERRITIN,ug/L,ug/L,1.0,"canonical unit, no conversion"
MAGNESIUM,mg/dL,mmol/L,0.4114,"https://unitslab.com/node/2 (Mg standard atomic weight 24.305, CIAAW); verified 2026-09-30"
MAGNESIUM,mEq/L,mmol/L,0.5,"definitional: mEq = mmol x valence for an ion; Mg2+ valence = 2, so mmol = mEq x 0.5"
MAGNESIUM,mmol/L,mmol/L,1.0,"canonical unit, no conversion"
ZINC,ug/dL,umol/L,0.1530,"https://unitslab.com/node/142 (Zn atomic weight 65.38 g/mol); verified 2026-09-30"
ZINC,umol/L,umol/L,1.0,"canonical unit, no conversion"
