provider_id,canonical_name,name_variant,source
meridian_health_labs,Meridian Health Labs,Meridian Health Labs,synthetic_fictional_entity
meridian_health_labs,Meridian Health Labs,MERIDIAN HEALTH LABS,synthetic_fictional_entity
meridian_health_labs,Meridian Health Labs,Meridian Diagnostics,synthetic_fictional_entity
meridian_health_labs,Meridian Health Labs,Meridian Labs,synthetic_fictional_entity
brightpath_diagnostics,BrightPath Diagnostics,BrightPath Diagnostics,synthetic_fictional_entity
brightpath_diagnostics,BrightPath Diagnostics,Bright Path Diagnostics,synthetic_fictional_entity
brightpath_diagnostics,BrightPath Diagnostics,BRIGHTPATH DIAGNOSTIC LABORATORIES,synthetic_fictional_entity
harborview_clinical_labs,Harborview Clinical Labs,Harborview Clinical Labs,synthetic_fictional_entity
harborview_clinical_labs,Harborview Clinical Labs,Harborview Clinical Laboratory,synthetic_fictional_entity
harborview_clinical_labs,Harborview Clinical Labs,Harborview Labs Inc.,synthetic_fictional_entity
northgate_pathology,Northgate Pathology Associates,Northgate Pathology Associates,synthetic_fictional_entity
northgate_pathology,Northgate Pathology Associates,Northgate Pathology,synthetic_fictional_entity
sunrise_medical_diagnostics,Sunrise Medical Diagnostics,Sunrise Medical Diagnostics,synthetic_fictional_entity
sunrise_medical_diagnostics,Sunrise Medical Diagnostics,Sunrise Diagnostics,synthetic_fictional_entity
sunrise_medical_diagnostics,Sunrise Medical Diagnostics,SUNRISE MED DX,synthetic_fictional_entity
crestline_reference_lab,Crestline Reference Laboratory,Crestline Reference Laboratory,synthetic_fictional_entity
crestline_reference_lab,Crestline Reference Laboratory,Crestline Reference Lab,synthetic_fictional_entity
crestline_reference_lab,Crestline Reference Laboratory,Crestline Ref Lab,synthetic_fictional_entity
willowbrook_clinical,Willowbrook Clinical Services,Willowbrook Clinical Services,synthetic_fictional_entity
willowbrook_clinical,Willowbrook Clinical Services,Willowbrook Clinical,synthetic_fictional_entity
parkside_health_network_labs,Parkside Health Network Labs,Parkside Health Network Labs,synthetic_fictional_entity
parkside_health_network_labs,Parkside Health Network Labs,Parkside Labs,synthetic_fictional_entity
